Flight No.,Launch site,Payload,Payload mass,Orbit,Customer,Launch outcome,Version Booster,Booster landing,Date,Time
1,CCAFS,Dragon Spacecraft Qualification Unit,0,LEO,SpaceX,"Success
",F9 v1.0B0003.1,Failure,6 June 2021,04:26
2,CCAFS,Dragon,0,LEO,NASA,Success,F9 v1.0B0004.1,Failure,4 June 2010,18:45
3,CCAFS,Dragon,525 kg,LEO,NASA,Success,F9 v1.0B0005.1,"Not attempted
",8 December 2010,15:43
4,CCAFS,SpaceX CRS-1,"4,700 kg",LEO,NASA,"Success
",F9 v1.0B0006.1,No attempt,22 May 2012,07:44
5,CCAFS,SpaceX CRS-2,"4,877 kg",LEO,NASA,"Success
",F9 v1.0B0007.1,"Not attempted
",8 October 2012,00:35
6,VAFB,CASSIOPE,500 kg,Polar orbit,MDA,Success,F9 v1.1B1003,Uncontrolled,1 March 2013,15:10
7,CCAFS,SES-8,"3,170 kg",GTO,SES,Success,F9 v1.1,Not attempted,29 September 2013,16:00
8,CCAFS,Thaicom 6,"3,325 kg",GTO,Thaicom,Success,F9 v1.1,Not attempted,3 December 2013,22:41
9,Cape Canaveral,SpaceX CRS-3,"2,296 kg",LEO,NASA,"Success
",F9 v1.1,Controlled,6 January 2014,22:06
10,Cape Canaveral,Orbcomm-OG2,"1,316 kg",LEO,Orbcomm,Success,F9 v1.1,Controlled,18 April 2014,19:25
11,Cape Canaveral,AsiaSat 8,"4,535 kg",GTO,AsiaSat,Success,F9 v1.1,Not attempted,14 July 2014,15:15
12,Cape Canaveral,AsiaSat 6,"4,428 kg",GTO,AsiaSat,Success,F9 v1.1,"Not attempted
",5 August 2014,08:00
13,Cape Canaveral,SpaceX CRS-4,"2,216 kg",LEO,NASA,Success,F9 v1.1,Uncontrolled,7 September 2014,05:00
14,Cape Canaveral,SpaceX CRS-5,"2,395 kg",LEO,NASA,Success,F9 v1.1,Failure ,21 September 2014,05:52
15,Cape Canaveral,DSCOVR,570 kg,HEO,USAF,"Success
",F9 v1.1,Controlled,10 January 2015,09:47
16,Cape Canaveral,ABS-3A,"4,159 kg",GTO,ABS,"Success
",F9 v1.1,Not attempted,11 February 2015,23:03
17,Cape Canaveral,SpaceX CRS-6,"1,898 kg",LEO,NASA,"Success
",F9 v1.1,Failure,2 March 2015,03:50
18,Cape Canaveral,TürkmenÄlem 52°E / MonacoSAT,"4,707 kg",GTO,,"Success
",F9 v1.1,Not attempted,14 April 2015,20:10
19,Cape Canaveral,SpaceX CRS-7,"1,952 kg",LEO,NASA,Failure,F9 v1.1,Precluded,27 April 2015,23:03
20,Cape Canaveral,Orbcomm-OG2,"2,034 kg",LEO,Orbcomm,"Success
",F9 FT,Success,28 June 2015,14:21
21,VAFB,Jason-3,553 kg,LEO,NASA,"Success
",F9 v1.1,Failure,22 December 2015,01:29
22,Cape Canaveral,SES-9,"5,271 kg",GTO,SES,"Success
",F9 FT,Failure,17 January 2016,18:42
23,Cape Canaveral,SpaceX CRS-8,"3,136 kg",LEO,NASA,Success,F9 FT,Success,4 March 2016,23:35
24,Cape Canaveral,JCSAT-14,"4,696 kg",GTO,SKY Perfect JSAT Group,"Success
",F9 FT,Success,8 April 2016,20:43
25,Cape Canaveral,Thaicom 8,"3,100 kg",GTO,Thaicom,"Success
",F9 FT,Success,6 May 2016,05:21
26,Cape Canaveral,ABS-2A,"3,600 kg",GTO,ABS,"Success
",F9 FT,Failure,27 May 2016,21:39
27,Cape Canaveral,SpaceX CRS-9,"2,257 kg",LEO,NASA,"Success
",F9 FT,Success,15 June 2016,14:29
28,Cape Canaveral,JCSAT-16,"4,600 kg",GTO,SKY Perfect JSAT Group,"Success
",F9 FT,Success,18 July 2016,04:45
29,VAFB,Iridium NEXT,"9,600 kg",Polar,Iridium Communications,"Success
",F9 FT,Success,14 August 2016,05:26
30,KSC,SpaceX CRS-10,"2,490 kg",LEO,NASA,"Success
",F9 FT,Success,14 January 2017,17:54
31,KSC,EchoStar 23,"5,600 kg",GTO,EchoStar,"Success
",F9 FT,Not attempted,19 February 2017,14:39
32,KSC,SES-10,"5,300 kg",GTO,SES,Success,F9 FT♺,Success,16 March 2017,06:00
33,KSC,NROL-76,C,LEO,NRO,"Success
",F9 FT,Success,30 March 2017,22:27
34,KSC,Inmarsat-5 F4,"6,070 kg",GTO,Inmarsat,"Success
",F9 FT,Not attempted,1 May 2017,11:15
35,KSC,SpaceX CRS-11,"2,708 kg",LEO,NASA,"Success
",F9 FT,Success,15 May 2017,23:21
36,KSC,BulgariaSat-1,"3,669 kg",GTO,Bulsatcom,"Success
",F9 FTB1029.2,Success,3 June 2017,21:07
37,VAFB,Iridium NEXT,"9,600 kg",LEO,Iridium Communications,"Success
",F9 FT,Success,23 June 2017,19:10
38,KSC,Intelsat 35e,"6,761 kg",GTO,Intelsat,"Success
",F9 FT,Not attempted,25 June 2017,20:25
39,KSC,SpaceX CRS-12,"3,310 kg",LEO,NASA,"Success
",F9 B4,Success,5 July 2017,23:38
40,VAFB,Formosat-5,475 kg,SSO,NSPO,"Success
",F9 FT,Success,14 August 2017,16:31
41,KSC,Boeing X-37B,"4,990 kg",LEO,USAF,"Success
",F9 B4,Success,24 August 2017,18:51
42,VAFB,Iridium NEXT,"9,600 kg",Polar,Iridium Communications,"Success
",F9 B4,Success,7 September 2017,14:00
43,KSC,SES-11,"5,200 kg",GTO,SES S.A.,"Success
",F9 FTB1031.2,Success,9 October 2017,12:37
44,KSC,Koreasat 5A,"3,500 kg",GTO,KT Corporation,"Success
",F9 B4,Success,11 October 2017,22:53:00
45,Cape Canaveral,SpaceX CRS-13,"2,205 kg",LEO,NASA,"Success
",F9 FTB1035.2,Success,30 October 2017,19:34
46,VAFB,Iridium NEXT,"9,600 kg",Polar,Iridium Communications,Success,F9 FTB1036.2,Controlled,15 December 2017,15:36
47,CCAFS,Zuma,C,LEO,Northrop Grumman,Success,F9 B4,Success,23 December 2017,01:27
48,CCAFS,GovSat-1,"4,230 kg",GTO,SES,Success,F9 FTB1032.2,Controlled,8 January 2018,01:00
49,VAFB,Paz,"2,150 kg",SSO,Hisdesat,Success,F9 FTB1038.2,Not attempted,31 January 2018,21:25
50,CCAFS,Hispasat 30W-6,"6,092 kg",GTO,Hispasat,Success,F9 B4,No attempt,22 February 2018,14:17
51,VAFB,Iridium NEXT,"9,600 kg",Polar,Iridium Communications,Success,F9 B4B1041.2,No attempt,6 March 2018,05:33
52,CCAFS,SpaceX CRS-14,"2,647 kg",LEO,NASA,Success,F9 B4B1039.2,Not attempted,30 March 2018,14:14
53,CCAFS,Transiting Exoplanet Survey Satellite,362 kg,HEO,NASA,Success,F9 B4,Success,2 April 2018,20:30
54,KSC,Bangabandhu-1,"3,600 kg",GTO,Thales-Alenia,Success,F9 B5B1046.1,Success,18 April 2018,22:51
55,VAFB,Iridium NEXT,"6,460 kg",Polar,Iridium Communications,Success,F9 B4B1043.2,Not attempted,11 May 2018,20:14
56,CCAFS,SES-12,"5,384 kg",GTO,SES,Success,F9 B4B1040.2,Not attempted,22 May 2018,19:47
57,CCAFS,SpaceX CRS-15,"2,697 kg",LEO,NASA,Success,F9 B4B1045.2,Not attempted,4 June 2018,04:45
58,CCAFS,Telstar 19V,"7,075 kg",GTO,Telesat,Success,F9 B5,Success,29 June 2018,09:42
59,VAFB,Iridium NEXT,"9,600 kg",Polar,Iridium Communications,Success,F9 B5B1048,Success,22 July 2018,05:50
60,CCAFS,Merah Putih,"5,800 kg",GTO,Telkom Indonesia,Success,F9 B5B1046.2,Success,25 July 2018,11:39
61,CCAFS,Telstar 18V,"7,060 kg",GTO,Telesat,Success,F9 B5,Success,7 August 2018,05:18
62,VAFB,SAOCOM 1A,"3,000 kg",SSO,CONAE,Success,F9 B5B1048.2,Success,10 September 2018,04:45
63,KSC,Es'hail 2,"5,300 kg",GTO,Es'hailSat,Success,F9 B5B1047.2,Success,8 October 2018,02:22
64,VAFB,SSO-A,"~4,000 kg",SSO,Spaceflight Industries,Success,F9 B5B1046.3,Success,15 November 2018,20:46
65,CCAFS,SpaceX CRS-16,"2,500 kg",LEO,NASA,"Success
",F9 B5,Failure,3 December 2018,18:34:05
66,CCAFS,GPS III,"4,400 kg",MEO,USAF,Success,F9 B5,Not attempted,5 December 2018,18:16
67,VAFB,Iridium NEXT,"9,600 kg",Polar,Iridium Communications,"Success
",F9 B5B1049.2,Success,23 December 2018,13:51
68,CCAFS,Nusantara Satu,"4,850 kg",GTO,PSN,"Success
",F9 B5B1048.3,Success,11 January 2019,15:31
69,KSC,Crew Dragon Demo-1,"12,055 kg",LEO,NASA,"Success
",F9 B5[268],Success,22 February 2019,01:45
70,CCAFS,SpaceX CRS-17,"2,495 kg",LEO,NASA,"Success
",F9 B5,Success,2 March 2019,07:49
71,CCAFS,Starlink,"13,620 kg",LEO,SpaceX,"Success
",F9 B5B1049.3,Success,4 May 2019,06:48
72,VAFB,RADARSAT Constellation,"4,200 kg",SSO,Canadian Space Agency,"Success
",F9 B5B1051.2,Success,24 May 2019,02:30
73,CCAFS,SpaceX CRS-18,"2,268 kg",LEO,NASA,"Success
",F9 B5B1056.2,Success,12 June 2019,14:17
74,CCAFS,AMOS-17,"6,500 kg",GTO,Spacecom,"Success
",F9 B5B1047.3,Not attempted,25 July 2019,22:01
75,CCAFS,Starlink,"15,600 kg",LEO,SpaceX,"Success
",F9 B5,Success,6 August 2019,23:23
76,CCAFS,SpaceX CRS-19,"2,617 kg",LEO,NASA,"Success
",F9 B5,Success,11 November 2019,14:56
77,CCAFS,JCSat-18,"6,956 kg",GTO,Sky Perfect JSAT,"Success
",F9 B5B1056.3,Success,5 December 2019,17:29
78,CCAFS,Starlink,"15,600 kg",LEO,SpaceX,"Success
",F9 B5,Success,17 December 2019,00:10
79,KSC,Crew Dragon in-flight abort test,"12,050 kg",Sub-orbital,NASA,"Success
",F9 B5,"Not attempted
",7 January 2020,02:19:21
80,CCAFS,Starlink,"15,600 kg",LEO,SpaceX,"Success
",F9 B5,Success,19 January 2020,15:30
81,CCAFS,Starlink,"15,600 kg",LEO,SpaceX,"Success
",F9 B5,Failure,29 January 2020,14:07
82,CCAFS,SpaceX CRS-20,"1,977 kg",LEO,NASA,"Success
",F9 B5,Success,17 February 2020,15:05
83,KSC,Starlink,"15,600 kg",LEO,SpaceX,"Success
",F9 B5,Failure,7 March 2020,04:50
84,KSC,Starlink,"15,600 kg",LEO,SpaceX,"Success
",F9 B5,Success,18 March 2020,12:16
85,KSC,Crew Dragon Demo-2,"12,530 kg",LEO,NASA,"Success
",F9 B5,Success,22 April 2020,19:30
86,CCAFS,Starlink,"15,600 kg",LEO,SpaceX,"Success
",F9 B5,Success,30 May 2020,19:22
87,CCAFS,Starlink,"15,410 kg",LEO,SpaceX,"Success
",F9 B5,Success,4 June 2020,01:25
88,CCAFS,GPS III,"4,311 kg",MEO,U.S. Space Force,"Success
",F9 B5,Success,13 June 2020,09:21
89,CCAFS,ANASIS-II,"5,000–6,000 kg",GTO,Republic of Korea Army,"Success
",F9 B5B1058.2,Success,30 June 2020,20:10:46
90,KSC,Starlink,"14,932 kg",LEO,SpaceX,"Success
",F9 B5,Success,20 July 2020,21:30
91,CCAFS,Starlink,"~15,440 kg",LEO,SpaceX,"Success
",F9 B5B1049.6,Success,7 August 2020,05:12
92,CCAFS,SAOCOM 1B,"3,130 kg",SSO,CONAE,"Success
",F9 B5,Success,18 August 2020,14:31
93,KSC,Starlink,"15,600 kg",LEO,SpaceX,"Success
",F9 B5B1060.2,Success,30 August 2020,23:18
94,KSC,Starlink,"15,600 kg",LEO,SpaceX,"Success
",F9 B5B1058.3,Success,3 September 2020,12:46:14
95,KSC,Starlink,"15,600 kg",LEO,SpaceX,"Success
",F9 B5B1051.6,Success,6 October 2020,11:29:34
96,CCAFS,Starlink,"15,600 kg",LEO,SpaceX,"Success
",F9 B5,Success,18 October 2020,12:25:57
97,CCAFS,GPS III,"4,311 kg",MEO,USSF,"Success
",F9 B5,Success,24 October 2020,15:31:34
98,KSC,Crew-1,"~12,500 kg",LEO,NASA,"Success
",F9 B5,Success,5 November 2020,23:24:23
99,VAFB,Sentinel-6 Michael Freilich (Jason-CS A),"1,192 kg",LEO,NASA,"Success
",F9 B5,Success,16 November 2020,00:27
100,CCAFS,Starlink,"15,600 kg",LEO,SpaceX,"Success
",F9 B5 ♺,Success,21 November 2020,17:17:08
101,KSC,SpaceX CRS-21,"2,972 kg",LEO,NASA,"Success
",F9 B5 ♺,Success,25 November 2020,02:13
102,CCSFS,SXM-7,"7,000 kg",GTO,Sirius XM,"Success
",F9 B5 ♺,Success,6 December 2020,16:17:08
103,KSC,NROL-108,C,LEO,NRO,"Success
",F9 B5 ♺,Success,13 December 2020,17:30:00
104,CCSFS,Türksat 5A,"3,500 kg",GTO,Türksat,"Success
",F9 B5,Success,19 December 2020,14:00:00
105,KSC,Starlink,"15,600 kg",LEO,SpaceX,"Success
",F9 B5B1051.8,Success,8 January 2021,02:15
106,CCSFS,Transporter-1,"~5,000 kg",SSO,,"Success
",F9 B5B1058.5,Failure,20 January 2021,13:02
107,CCAFS,Dragon Spacecraft Qualification Unit,0,LEO,,Success,F9 v1.0B0003.1,Failure,24 January 2021,15:00
108,CCAFS,Dragon,0,LEO,,Success,F9 v1.0B0004.1,"Not attempted
",4 June 2010,18:45
109,CCAFS,Dragon,525 kg,LEO,,"Success
",F9 v1.0B0005.1,No attempt,8 December 2010,15:43
110,CCAFS,SpaceX CRS-1,"4,700 kg",LEO,,"Success
",F9 v1.0B0006.1,"Not attempted
",22 May 2012,07:44
111,CCAFS,SpaceX CRS-2,"4,877 kg",LEO,,Success,F9 v1.0B0007.1,Uncontrolled,8 October 2012,00:35
112,VAFB,CASSIOPE,500 kg,Polar orbit,,Success,F9 v1.1B1003,Not attempted,1 March 2013,15:10
113,CCAFS,SES-8,"3,170 kg",GTO,,Success,F9 v1.1,Not attempted,29 September 2013,16:00
114,CCAFS,Thaicom 6,"3,325 kg",GTO,,"Success
",F9 v1.1,Controlled,3 December 2013,22:41
115,Cape Canaveral,SpaceX CRS-3,"2,296 kg",LEO,,Success,F9 v1.1,Controlled,6 January 2014,22:06
116,Cape Canaveral,Orbcomm-OG2,"1,316 kg",LEO,,Success,F9 v1.1,Not attempted,18 April 2014,19:25
117,Cape Canaveral,AsiaSat 8,"4,535 kg",GTO,,Success,F9 v1.1,"Not attempted
",14 July 2014,15:15
118,Cape Canaveral,AsiaSat 6,"4,428 kg",GTO,,Success,F9 v1.1,Uncontrolled,5 August 2014,08:00
119,Cape Canaveral,SpaceX CRS-4,"2,216 kg",LEO,,Success,F9 v1.1,Failure ,7 September 2014,05:00
120,Cape Canaveral,SpaceX CRS-5,"2,395 kg",LEO,,"Success
",F9 v1.1,Controlled,21 September 2014,05:52
121,Cape Canaveral,DSCOVR,570 kg,HEO,,"Success
",F9 v1.1,Not attempted,10 January 2015,09:47
1,Cape Canaveral,ABS-3A,"4,159 kg",GTO,,"Success
",F9 v1.1,Failure,11 February 2015,23:03
2,Cape Canaveral,SpaceX CRS-6,"1,898 kg",LEO,,"Success
",F9 v1.1,Not attempted,2 March 2015,03:50
3,Cape Canaveral,TürkmenÄlem 52°E / MonacoSAT,"4,707 kg",GTO,,Failure,F9 v1.1,Precluded,14 April 2015,20:10
4,Cape Canaveral,SpaceX CRS-7,"1,952 kg",LEO,,"Success
",F9 v1.1,Success,27 April 2015,23:03
5,Cape Canaveral,Orbcomm-OG2,"2,034 kg",LEO,,"Success
",F9 FT,Failure,28 June 2015,14:21
6,VAFB,Jason-3,553 kg,LEO,,"Success
",F9 v1.1,Failure,22 December 2015,01:29
7,Cape Canaveral,SES-9,"5,271 kg",GTO,,Success,F9 FT,Success,17 January 2016,18:42
8,Cape Canaveral,SpaceX CRS-8,"3,136 kg",LEO,,"Success
",F9 FT,Success,4 March 2016,23:35
9,Cape Canaveral,JCSAT-14,"4,696 kg",GTO,,"Success
",F9 FT,Success,8 April 2016,20:43
10,Cape Canaveral,Thaicom 8,"3,100 kg",GTO,,"Success
",F9 FT,Failure,6 May 2016,05:21
11,Cape Canaveral,ABS-2A,"3,600 kg",GTO,,"Success
",F9 FT,Success,27 May 2016,21:39
12,Cape Canaveral,SpaceX CRS-9,"2,257 kg",LEO,,"Success
",F9 FT,Success,15 June 2016,14:29
13,Cape Canaveral,JCSAT-16,"4,600 kg",GTO,,"Success
",F9 FT,Success,18 July 2016,04:45
14,VAFB,Iridium NEXT,"9,600 kg",Polar,,"Success
",F9 FT,Success,14 August 2016,05:26
15,KSC,SpaceX CRS-10,"2,490 kg",LEO,,"Success
",F9 FT,Not attempted,14 January 2017,17:54
16,KSC,EchoStar 23,"5,600 kg",GTO,,Success,F9 FT,Success,19 February 2017,14:39
17,KSC,SES-10,"5,300 kg",GTO,,"Success
",F9 FT♺,Success,16 March 2017,06:00
18,KSC,NROL-76,C,LEO,,"Success
",F9 FT,Not attempted,30 March 2017,22:27
19,KSC,Inmarsat-5 F4,"6,070 kg",GTO,,"Success
",F9 FT,Success,1 May 2017,11:15
20,KSC,SpaceX CRS-11,"2,708 kg",LEO,,"Success
",F9 FT,Success,15 May 2017,23:21
21,KSC,BulgariaSat-1,"3,669 kg",GTO,,"Success
",F9 FTB1029.2,Success,3 June 2017,21:07
22,VAFB,Iridium NEXT,"9,600 kg",LEO,,"Success
",F9 FT,Not attempted,23 June 2017,19:10
23,KSC,Intelsat 35e,"6,761 kg",GTO,,"Success
",F9 FT,Success,25 June 2017,20:25
24,KSC,SpaceX CRS-12,"3,310 kg",LEO,,"Success
",F9 B4,Success,5 July 2017,23:38
25,VAFB,Formosat-5,475 kg,SSO,,"Success
",F9 FT,Success,14 August 2017,16:31
26,KSC,Boeing X-37B,"4,990 kg",LEO,,"Success
",F9 B4,Success,24 August 2017,18:51
27,VAFB,Iridium NEXT,"9,600 kg",Polar,,"Success
",F9 B4,Success,7 September 2017,14:00
28,KSC,SES-11,"5,200 kg",GTO,,"Success
",F9 FTB1031.2,Success,9 October 2017,12:37
29,KSC,Koreasat 5A,"3,500 kg",GTO,,"Success
",F9 B4,Success,11 October 2017,22:53:00
30,Cape Canaveral,SpaceX CRS-13,"2,205 kg",LEO,,Success,F9 FTB1035.2,Controlled,30 October 2017,19:34
31,VAFB,Iridium NEXT,"9,600 kg",Polar,,Success,F9 FTB1036.2,Success,15 December 2017,15:36
32,CCAFS,Zuma,C,LEO,,Success,F9 B4,Controlled,23 December 2017,01:27
33,CCAFS,GovSat-1,"4,230 kg",GTO,,Success,F9 FTB1032.2,Not attempted,8 January 2018,01:00
34,VAFB,Paz,"2,150 kg",SSO,,Success,F9 FTB1038.2,No attempt,31 January 2018,21:25
35,CCAFS,Hispasat 30W-6,"6,092 kg",GTO,,Success,F9 B4,No attempt,22 February 2018,14:17
36,VAFB,Iridium NEXT,"9,600 kg",Polar,,Success,F9 B4B1041.2,Not attempted,6 March 2018,05:33
37,CCAFS,SpaceX CRS-14,"2,647 kg",LEO,,Success,F9 B4B1039.2,Success,30 March 2018,14:14
38,CCAFS,Transiting Exoplanet Survey Satellite,362 kg,HEO,,Success,F9 B4,Success,2 April 2018,20:30
39,KSC,Bangabandhu-1,"3,600 kg",GTO,,Success,F9 B5B1046.1,Not attempted,18 April 2018,22:51
40,VAFB,Iridium NEXT,"6,460 kg",Polar,,Success,F9 B4B1043.2,Not attempted,11 May 2018,20:14
41,CCAFS,SES-12,"5,384 kg",GTO,,Success,F9 B4B1040.2,Not attempted,22 May 2018,19:47
42,CCAFS,SpaceX CRS-15,"2,697 kg",LEO,,Success,F9 B4B1045.2,Success,4 June 2018,04:45
43,CCAFS,Telstar 19V,"7,075 kg",GTO,,Success,F9 B5,Success,29 June 2018,09:42
44,VAFB,Iridium NEXT,"9,600 kg",Polar,,Success,F9 B5B1048,Success,22 July 2018,05:50
45,CCAFS,Merah Putih,"5,800 kg",GTO,,Success,F9 B5B1046.2,Success,25 July 2018,11:39
46,CCAFS,Telstar 18V,"7,060 kg",GTO,,Success,F9 B5,Success,7 August 2018,05:18
47,VAFB,SAOCOM 1A,"3,000 kg",SSO,,Success,F9 B5B1048.2,Success,10 September 2018,04:45
48,KSC,Es'hail 2,"5,300 kg",GTO,,Success,F9 B5B1047.2,Success,8 October 2018,02:22
49,VAFB,SSO-A,"~4,000 kg",SSO,,"Success
",F9 B5B1046.3,Failure,15 November 2018,20:46
50,CCAFS,SpaceX CRS-16,"2,500 kg",LEO,,Success,F9 B5,Not attempted,3 December 2018,18:34:05
51,CCAFS,GPS III,"4,400 kg",MEO,,"Success
",F9 B5,Success,5 December 2018,18:16
52,VAFB,Iridium NEXT,"9,600 kg",Polar,,"Success
",F9 B5B1049.2,Success,23 December 2018,13:51
53,CCAFS,Nusantara Satu,"4,850 kg",GTO,,"Success
",F9 B5B1048.3,Success,11 January 2019,15:31
54,KSC,Crew Dragon Demo-1,"12,055 kg",LEO,,"Success
",F9 B5[268],Success,22 February 2019,01:45
55,CCAFS,SpaceX CRS-17,"2,495 kg",LEO,,"Success
",F9 B5,Success,2 March 2019,07:49
56,CCAFS,Starlink,"13,620 kg",LEO,,"Success
",F9 B5B1049.3,Success,4 May 2019,06:48
57,VAFB,RADARSAT Constellation,"4,200 kg",SSO,,"Success
",F9 B5B1051.2,Success,24 May 2019,02:30
58,CCAFS,SpaceX CRS-18,"2,268 kg",LEO,,"Success
",F9 B5B1056.2,Not attempted,12 June 2019,14:17
59,CCAFS,AMOS-17,"6,500 kg",GTO,,"Success
",F9 B5B1047.3,Success,25 July 2019,22:01
60,CCAFS,Starlink,"15,600 kg",LEO,,"Success
",F9 B5,Success,6 August 2019,23:23
61,CCAFS,SpaceX CRS-19,"2,617 kg",LEO,,"Success
",F9 B5,Success,11 November 2019,14:56
62,CCAFS,JCSat-18,"6,956 kg",GTO,,"Success
",F9 B5B1056.3,Success,5 December 2019,17:29
63,CCAFS,Starlink,"15,600 kg",LEO,,"Success
",F9 B5,"Not attempted
",17 December 2019,00:10
64,KSC,Crew Dragon in-flight abort test,"12,050 kg",Sub-orbital,,"Success
",F9 B5,Success,7 January 2020,02:19:21
65,CCAFS,Starlink,"15,600 kg",LEO,,"Success
",F9 B5,Failure,19 January 2020,15:30
66,CCAFS,Starlink,"15,600 kg",LEO,,"Success
",F9 B5,Success,29 January 2020,14:07
67,CCAFS,SpaceX CRS-20,"1,977 kg",LEO,,"Success
",F9 B5,Failure,17 February 2020,15:05
68,KSC,Starlink,"15,600 kg",LEO,,"Success
",F9 B5,Success,7 March 2020,04:50
69,KSC,Starlink,"15,600 kg",LEO,,"Success
",F9 B5,Success,18 March 2020,12:16
70,KSC,Crew Dragon Demo-2,"12,530 kg",LEO,,"Success
",F9 B5,Success,22 April 2020,19:30
71,CCAFS,Starlink,"15,600 kg",LEO,,"Success
",F9 B5,Success,30 May 2020,19:22
72,CCAFS,Starlink,"15,410 kg",LEO,,"Success
",F9 B5,Success,4 June 2020,01:25
73,CCAFS,GPS III,"4,311 kg",MEO,,"Success
",F9 B5,Success,13 June 2020,09:21
74,CCAFS,ANASIS-II,"5,000–6,000 kg",GTO,,"Success
",F9 B5B1058.2,Success,30 June 2020,20:10:46
75,KSC,Starlink,"14,932 kg",LEO,,"Success
",F9 B5,Success,20 July 2020,21:30
76,CCAFS,Starlink,"~15,440 kg",LEO,,"Success
",F9 B5B1049.6,Success,7 August 2020,05:12
77,CCAFS,SAOCOM 1B,"3,130 kg",SSO,,"Success
",F9 B5,Success,18 August 2020,14:31
78,KSC,Starlink,"15,600 kg",LEO,,"Success
",F9 B5B1060.2,Success,30 August 2020,23:18
79,KSC,Starlink,"15,600 kg",LEO,,"Success
",F9 B5B1058.3,Success,3 September 2020,12:46:14
80,KSC,Starlink,"15,600 kg",LEO,,"Success
",F9 B5B1051.6,Success,6 October 2020,11:29:34
81,CCAFS,Starlink,"15,600 kg",LEO,,"Success
",F9 B5,Success,18 October 2020,12:25:57
82,CCAFS,GPS III,"4,311 kg",MEO,,"Success
",F9 B5,Success,24 October 2020,15:31:34
83,KSC,Crew-1,"~12,500 kg",LEO,,"Success
",F9 B5,Success,5 November 2020,23:24:23
84,VAFB,Sentinel-6 Michael Freilich (Jason-CS A),"1,192 kg",LEO,,"Success
",F9 B5,Success,16 November 2020,00:27
85,CCAFS,Starlink,"15,600 kg",LEO,,"Success
",F9 B5 ♺,Success,21 November 2020,17:17:08
86,KSC,SpaceX CRS-21,"2,972 kg",LEO,,"Success
",F9 B5 ♺,Success,25 November 2020,02:13
87,CCSFS,SXM-7,"7,000 kg",GTO,,"Success
",F9 B5 ♺,Success,6 December 2020,16:17:08
88,KSC,NROL-108,C,LEO,,"Success
",F9 B5 ♺,Success,13 December 2020,17:30:00
89,CCSFS,Türksat 5A,"3,500 kg",GTO,,"Success
",F9 B5,Success,19 December 2020,14:00:00
90,KSC,Starlink,"15,600 kg",LEO,"Various
","Success
",F9 B5B1051.8,Success,8 January 2021,02:15
91,CCSFS,Transporter-1,"~5,000 kg",SSO,,"Success
",F9 B5B1058.5,Success,20 January 2021,13:02
92,CCSFS,Starlink,"15,600 kg",LEO,,"Success
",F9 B5 ♺,Failure,24 January 2021,15:00
93,CCSFS,Starlink,"15,600 kg",LEO,,"Success
",F9 B5 ♺,Success,4 February 2021,06:19
94,KSC,Starlink,"15,600 kg",LEO,,"Success
",F9 B5 ♺,Success,16 February 2021,03:59:37
95,CCSFS,Starlink,"15,600 kg",LEO,,"Success
",F9 B5 ♺,Success,4 March 2021,08:24
96,KSC,Starlink,"15,600 kg",LEO,,"Success
",F9 B5 ♺,Success,11 March 2021,08:13:29
97,CCSFS,Starlink,"15,600 kg",LEO,,"Success
",F9 B5B1060.6,Success,14 March 2021,10:01
98,CCSFS,Starlink,"15,600 kg",LEO,,"Success
",F9 B5 ♺,Success,24 March 2021,08:28
99,KSC,Crew-2,"~13,000 kg",LEO,,"Success
",F9 B5B1061.2,Success,7 April 2021,16:34
100,CCSFS,Starlink,"15,600 kg",LEO,,"Success
",F9 B5B1060.7,Success,23 April 2021,9:49
101,KSC,Starlink,"15,600 kg",LEO,,"Success
",F9 B5B1049.9,Success,29 April 2021,03:44
102,CCSFS,Starlink,"15,600 kg",LEO,,"Success
",F9 B5B1051.10,Success,4 May 2021,19:01
103,KSC,Starlink,"~14,000 kg",LEO,,"Success
",F9 B5B1058.8,Success,9 May 2021,06:42
104,CCSFS,Starlink,"15,600 kg",LEO,,"Success
",F9 B5B1063.2,Success,15 May 2021,22:56
105,KSC,SpaceX CRS-22,"3,328 kg",LEO,,"Success
",F9 B5B1067.1,Success,26 May 2021,18:59
106,CCSFS,SXM-8,"7,000 kg",GTO,0,0,F9 B5,0,3 June 2021,17:29
1,0,0,0,0,0,0,0,0,6 June 2021,04:26
2,0,0,0,0,0,0,0,0,0,0
3,0,0,0,0,0,0,0,0,0,0
4,0,0,0,0,0,0,0,0,0,0
5,0,0,0,0,0,0,0,0,0,0
6,0,0,0,0,0,0,0,0,0,0
7,0,0,0,0,0,0,0,0,0,0
8,0,0,0,0,0,0,0,0,0,0
9,0,0,0,0,0,0,0,0,0,0
10,0,0,0,0,0,0,0,0,0,0
11,0,0,0,0,0,0,0,0,0,0
12,0,0,0,0,0,0,0,0,0,0
13,0,0,0,0,0,0,0,0,0,0
14,0,0,0,0,0,0,0,0,0,0
15,0,0,0,0,0,0,0,0,0,0
16,0,0,0,0,0,0,0,0,0,0
17,0,0,0,0,0,0,0,0,0,0
18,0,0,0,0,0,0,0,0,0,0
19,0,0,0,0,0,0,0,0,0,0
20,0,0,0,0,0,0,0,0,0,0
21,0,0,0,0,0,0,0,0,0,0
22,0,0,0,0,0,0,0,0,0,0
23,0,0,0,0,0,0,0,0,0,0
24,0,0,0,0,0,0,0,0,0,0
25,0,0,0,0,0,0,0,0,0,0
26,0,0,0,0,0,0,0,0,0,0
27,0,0,0,0,0,0,0,0,0,0
28,0,0,0,0,0,0,0,0,0,0
29,0,0,0,0,0,0,0,0,0,0
30,0,0,0,0,0,0,0,0,0,0
31,0,0,0,0,0,0,0,0,0,0
32,0,0,0,0,0,0,0,0,0,0
33,0,0,0,0,0,0,0,0,0,0
34,0,0,0,0,0,0,0,0,0,0
35,0,0,0,0,0,0,0,0,0,0
36,0,0,0,0,0,0,0,0,0,0
37,0,0,0,0,0,0,0,0,0,0
38,0,0,0,0,0,0,0,0,0,0
39,0,0,0,0,0,0,0,0,0,0
40,0,0,0,0,0,0,0,0,0,0
41,0,0,0,0,0,0,0,0,0,0
42,0,0,0,0,0,0,0,0,0,0
43,0,0,0,0,0,0,0,0,0,0
44,0,0,0,0,0,0,0,0,0,0
45,0,0,0,0,0,0,0,0,0,0
46,0,0,0,0,0,0,0,0,0,0
47,0,0,0,0,0,0,0,0,0,0
48,0,0,0,0,0,0,0,0,0,0
49,0,0,0,0,0,0,0,0,0,0
50,0,0,0,0,0,0,0,0,0,0
51,0,0,0,0,0,0,0,0,0,0
52,0,0,0,0,0,0,0,0,0,0
53,0,0,0,0,0,0,0,0,0,0
54,0,0,0,0,0,0,0,0,0,0
55,0,0,0,0,0,0,0,0,0,0
56,0,0,0,0,0,0,0,0,0,0
57,0,0,0,0,0,0,0,0,0,0
58,0,0,0,0,0,0,0,0,0,0
59,0,0,0,0,0,0,0,0,0,0
60,0,0,0,0,0,0,0,0,0,0
61,0,0,0,0,0,0,0,0,0,0
62,0,0,0,0,0,0,0,0,0,0
63,0,0,0,0,0,0,0,0,0,0
64,0,0,0,0,0,0,0,0,0,0
65,0,0,0,0,0,0,0,0,0,0
66,0,0,0,0,0,0,0,0,0,0
67,0,0,0,0,0,0,0,0,0,0
68,0,0,0,0,0,0,0,0,0,0
69,0,0,0,0,0,0,0,0,0,0
70,0,0,0,0,0,0,0,0,0,0
71,0,0,0,0,0,0,0,0,0,0
72,0,0,0,0,0,0,0,0,0,0
73,0,0,0,0,0,0,0,0,0,0
74,0,0,0,0,0,0,0,0,0,0
75,0,0,0,0,0,0,0,0,0,0
76,0,0,0,0,0,0,0,0,0,0
77,0,0,0,0,0,0,0,0,0,0
78,0,0,0,0,0,0,0,0,0,0
79,0,0,0,0,0,0,0,0,0,0
80,0,0,0,0,0,0,0,0,0,0
81,0,0,0,0,0,0,0,0,0,0
82,0,0,0,0,0,0,0,0,0,0
83,0,0,0,0,0,0,0,0,0,0
84,0,0,0,0,0,0,0,0,0,0
85,0,0,0,0,0,0,0,0,0,0
86,0,0,0,0,0,0,0,0,0,0
87,0,0,0,0,0,0,0,0,0,0
88,0,0,0,0,0,0,0,0,0,0
89,0,0,0,0,0,0,0,0,0,0
90,0,0,0,0,0,0,0,0,0,0
91,0,0,0,0,0,0,0,0,0,0
92,0,0,0,0,0,0,0,0,0,0
93,0,0,0,0,0,0,0,0,0,0
94,0,0,0,0,0,0,0,0,0,0
95,0,0,0,0,0,0,0,0,0,0
96,0,0,0,0,0,0,0,0,0,0
97,0,0,0,0,0,0,0,0,0,0
98,0,0,0,0,0,0,0,0,0,0
99,0,0,0,0,0,0,0,0,0,0
100,0,0,0,0,0,0,0,0,0,0
101,0,0,0,0,0,0,0,0,0,0
102,0,0,0,0,0,0,0,0,0,0
103,0,0,0,0,0,0,0,0,0,0
104,0,0,0,0,0,0,0,0,0,0
105,0,0,0,0,0,0,0,0,0,0
106,0,0,0,0,0,0,0,0,0,0
107,0,0,0,0,0,0,0,0,0,0
108,0,0,0,0,0,0,0,0,0,0
109,0,0,0,0,0,0,0,0,0,0
110,0,0,0,0,0,0,0,0,0,0
111,0,0,0,0,0,0,0,0,0,0
112,0,0,0,0,0,0,0,0,0,0
113,0,0,0,0,0,0,0,0,0,0
114,0,0,0,0,0,0,0,0,0,0
115,0,0,0,0,0,0,0,0,0,0
116,0,0,0,0,0,0,0,0,0,0
117,0,0,0,0,0,0,0,0,0,0
118,0,0,0,0,0,0,0,0,0,0
119,0,0,0,0,0,0,0,0,0,0
120,0,0,0,0,0,0,0,0,0,0
121,0,0,0,0,0,0,0,0,0,0
